^ Name,Status,Date modified,Type,Size
BasicsOfUIAutomation,,5/8/2023 3:40 PM,File folder,
Build Your First Process With Studio Part_3 (1),,5/8/2023 3:40 PM,File folder,
Build Your First_Process With Studio Part_1 (1),,5/8/2023 3:40 PM,File folder,
Custom Office Templates,,5/8/2023 3:40 PM,File folder,
Demo_Creating Variables,,5/8/2023 3:40 PM,File folder,
exercises,,5/8/2023 3:40 PM,File folder,
FirstFlowchart,,5/8/2023 3:40 PM,File folder,
FirstSequence,,5/8/2023 3:40 PM,File folder,
OneNote Notebooks,,6/15/2023 10:25 PM,File folder,
Training Cert,,5/8/2023 3:40 PM,File folder,
Transfer,,5/8/2023 4:34 PM,File folder,
UiPath,,10/5/2023 9:43 AM,File folder,
Zoom,,10/4/2023 11:23 AM,File folder,
P 00 Master Goodies - Chris (1),,4/21/2023 4:16 AM,Microsoft PowerPoint...,"97,793 KB"
P 00 Master Goodies - Chris,,4/13/2023 11:39 PM,Microsoft PowerPoint...,"97,793 KB"
PDF Acct Statement_XX4976_10042023 (2),,4/12/2023 11:56 PM,Microsoft Edge PDF ...,7 KB
BasicsOfUIAutomation,,4/19/2023 6:16 AM,Compressed (zipped)...,197 KB
bookmarks_4_21_23,,4/22/2023 4:31 AM,Chrome HTML Docu...,9 KB
Build Your First Process With Studio Part_2 (1),,4/12/2023 10:05 AM,Compressed (zipped)...,15 KB
Build Your First Process With Studio Part_2,,4/12/2023 10:03 AM,Compressed (zipped)...,15 KB
Build Your First Process With Studio Part_3 (1),,4/12/2023 10:05 AM,Compressed (zipped)...,168 KB
Build Your First Process With Studio Part_3,,4/12/2023 10:04 AM,Compressed (zipped)...,168 KB
Build Your First_Process With Studio Part_1 (1),,4/12/2023 10:05 AM,Compressed (zipped)...,4 KB
Build Your First_Process With Studio Part_1,,4/12/2023 10:02 AM,Compressed (zipped)...,KB
Chnage Design Experience,,4/18/2023 4:59 AM,Compressed (zipped)...,75 KB
ChromeSetup,,4/22/2023 4:38 AM,Application,"1,336 KB"
PDF Conflict of Interest policy (1),,4/4/2023 3:44 PM,Microsoft Edge PDF ...,106 KB
PDF Conflict of Interest policy,,4/4/2023 12:11 PM,Microsoft Edge PDF ...,106 KB
PDF Core Components_Attended_Robots,,4/10/2023 12:25 PM,Microsoft Edge PDF ...,72 KB
PDF Core Components_Unattended_Robots,,4/10/2023 12:25 PM,Microsoft Edge PDF ...,97 KB
Demo_Creating Variables,,4/12/2023 4:48 AM,Compressed (zipped)...,33 KB
Demo_ForEachLoop,,4/13/2023 12:18 AM,Compressed (zipped)...,577 KB
Demo_If Statements,,4/13/2023 12:15 AM,Compressed (zipped)...,52 KB
Demo_Invoke Workflow and Arguments,,4/12/2023 7:00 AM,Compressed (zipped)...,37 KB
Demo_Switch,,4/13/2023 12:20 AM,Compressed (zipped)...,995 KB
Demo_While_DoWhile,,4/13/2023 12:17 AM,Compressed (zipped)...,364 KB
Enabling Multi Factor Authentication - Office 365,,4/21/2023 11:58 PM,Compressed (zipped)...,285 KB
Firefox Installer,,4/22/2023 4:49 AM,Application,390 KB
FirstFlowchart,,4/12/2023 5:03 AM,Compressed (zipped)...,3 KB
FirstSequence,,4/12/2023 5:03 AM,Compressed (zipped)...,2 KB
FirstStateMachine,,4/12/2023 5:04 AM,Compressed (zipped)...,13 KB
five-steps-hexagonal-line-infographic-template,,4/14/2023 11:22 PM,Compressed (zipped)...,"1,283 KB"
flat-table-contents-infographic,,4/13/2023 4:59 AM,Compressed (zipped)...,587 KB
flat-university-concept-background,,4/14/2023 10:58 PM,Compressed (zipped)...,"2,935 KB"
ForEachIf_Solution Project,,4/13/2023 12:28 AM,Compressed (zipped)...,33 KB
FortiClientVPNOnlinelnstaller,,4/20/2023 2:52 AM,Application,"3,142 KB"
GenericValues Solution Project,,4/12/2023 9:40 AM,Compressed (zipped)...,28 KB
GlobalHandler_Example,,4/12/2023 5:07 AM,Compressed (zipped)...,9 KB
IMG20230403163240,,4/4/2023 3:52 PM,JPG File,"2,639 KB"
Invoke Workflow Solution Project,,4/12/2023 9:40 AM,Compressed (zipped)...,28 KB
X IT Declaration 2023-24,,4/21/2023 11:53 PM,Microsoft Excel Work...,12 KB
P Lesson 1 - RPA Basics,,4/20/2023 11:47 AM,Microsoft PowerPoint...,"54,169 KB"
OfficeSetup (1),,4/3/2023 1:06 PM,Application,"7,325 KB"
OfficeSetup,,4/3/2023 1:02 PM,Application,"7,325 KB"
OperaSetup (1),,4/3/2023 3:56 PM,Application,"2,781 KB"
OperaSetup,,4/3/2023 3:53 PM,Application,"2,781 KB"
Overview of Design Experiences In Uipath,,4/18/2023 4:57 AM,Compressed (zipped)...,264 KB
P Revisiting_Machine_Learning_Regression_and_its...,,4/14/2023 10:02 PM,Microsoft PowerPoint...,"5,196 KB"
P Revisiting_Machine_Learning_Supervised_Learni...,,4/13/2023 3:43 AM,Microsoft PowerPoint...,"5,962 KB"
P SQL_05,,4/13/2023 7:17 AM,Microsoft PowerPoint...,"5,329 KB"
Studiolnterface_Workflow,,4/12/2023 10:05 AM,Compressed (zipped)...,3 KB
Switch_Solution Project,,4/13/2023 12:28 AM,Compressed (zipped)...,32 KB
P Task Mining ILT_M10 (1),,4/13/2023 7:24 AM,Microsoft PowerPoint...,"4,343 KB"
P Task Mining ILT_M10,,4/12/2023 10:42 PM,Microsoft PowerPoint...,"4,343 KB"
PDF The UiPath Platform,,4/12/2023 12:33 AM,Microsoft Edge PDF ...,338 KB
ThemeUIP,,4/20/2023 6:53 AM,Microsoft Office The...,"6,444 KB"
PDF The-UiPath-Platform,,4/10/2023 11:56 AM,Microsoft Edge PDF ...,"8,689 KB"
PDF UiPath Brand Messaging Architecture - March 2...,,4/15/2023 4:20 AM,Microsoft Edge PDF ...,618 KB
P UiPath PowerPoint Template - April 2023 (1),,4/18/2023 5:18 AM,Microsoft PowerPoint...,"11,000 KB"
P UiPath PowerPoint Template - April 2023 (2),,4/20/2023 4:08 AM,Microsoft PowerPoint...,"11,659 KB"
P UiPath PowerPoint Template - April 2023,,4/15/2023 12:30 AM,Microsoft PowerPoint...,"11,659 KB"
PDF UiPath_Automation_Best_Practice_Guide,,4/12/2023 10:06 AM,Microsoft Edge PDF ...,"9,834 KB"
W UiPath_student guide_RPA_,,4/13/2023 3:54 AM,Microsoft Word Doc...,420 KB
UiPathStudioCommunitv (1),,4/10/2023 11:30 PM,Windows Installer Pa,947220KB
